{
  "bitcoin": 100.8,
  "ethereum": 465.588,
  "ftx-token": 7168.6,
  "stepn": 9251.948099999998,
  "mango-markets": 437476.7,
  "msol": 14542.0865,
  "raydium": 5009.2,
  "socean-staked-sol": 1.0168,
  "synthetify-token": 9.321958,
  "solana": 136571.21639208595,
  "serum": 41926.999050000006,
  "lido-staked-sol": 436.55815914699997,
  "usd-coin": 3974340.0337920003,
  "injective-protocol": 163416.971
}