{
  "bitcoin": 106.3,
  "ethereum": 343.01300000000003,
  "ftx-token": 8186.7,
  "stepn": 0.1,
  "mango-markets": 722309.2,
  "msol": 14244.5647,
  "raydium": 4862.400000000001,
  "socean-staked-sol": 1.0168,
  "synthetify-token": 9.321958,
  "solana": 134975.37863913938,
  "serum": 118545.29905,
  "lido-staked-sol": 490.582459147,
  "usd-coin": 3688571.3096209997,
  "injective-protocol": 173704.387
}