{
  "bitcoin": 105.89999999999999,
  "ethereum": 340.919,
  "ftx-token": 8625.2,
  "stepn": null,
  "mango-markets": 700741.9,
  "msol": 14162.347,
  "raydium": 4803.3,
  "socean-staked-sol": 1.0168,
  "synthetify-token": 9.321958,
  "solana": 137419.12489012332,
  "serum": 68497.99905,
  "lido-staked-sol": 491.89195914699997,
  "usd-coin": 3615522.896845,
  "injective-protocol": 171746.478
}