{
  "bitcoin": 101.4,
  "ethereum": 497.729,
  "ftx-token": 6714.7,
  "stepn": 9275.8367,
  "mango-markets": 463619.5,
  "msol": 15186.9794,
  "raydium": 4870.6,
  "socean-staked-sol": 1.0168,
  "synthetify-token": 9.321958,
  "solana": 141148.36713454276,
  "serum": 51316.19905,
  "lido-staked-sol": 469.99035914700005,
  "usd-coin": 4113279.7363650003,
  "injective-protocol": 164056.261
}