{
  "bitcoin": 101.4,
  "ethereum": 497.729,
  "ftx-token": 6714.7,
  "stepn": 9275.8367,
  "mango-markets": 463619.5,
  "msol": 15186.9794,
  "raydium": 4870.6,
  "socean-staked-sol": 1.0168,
  "synthetify-token": 9.321958,
  "solana": 140915.14830128584,
  "serum": 77473.72273000001,
  "lido-staked-sol": 469.99035914700005,
  "usd-coin": 3934226.13352,
  "injective-protocol": 164056.261
}