{
  "bitcoin": 0,
  "ethereum": 46.777,
  "ftx-token": 0,
  "stepn": 0.1,
  "mango-markets": 561282.5,
  "msol": 0,
  "raydium": 10,
  "socean-staked-sol": 1.0168,
  "synthetify-token": 9.321958,
  "solana": 31815.750567704992,
  "serum": 871.762907,
  "lido-staked-sol": 55.386959147,
  "usd-coin": 1357838.7692180001,
  "injective-protocol": 0
}