{
  "bitcoin": 102.7,
  "ethereum": 458.317,
  "ftx-token": 6831.5,
  "stepn": 9287.2995,
  "mango-markets": 456511.2,
  "msol": 15195.7034,
  "raydium": 4415.1,
  "socean-staked-sol": 1.0168,
  "synthetify-token": 9.321958,
  "solana": 142023.38255339113,
  "serum": 61807.722729999994,
  "lido-staked-sol": 470.927159147,
  "usd-coin": 3717071.069286,
  "injective-protocol": 164433.59
}