{
  "solana": 149038.999833553,
  "usd-coin": 5045171.300291,
  "lido-staked-sol": 416.680759147,
  "synthetify-token": 9.321958,
  "serum": 12111.39905,
  "undefined": 12.054,
  "ethereum": 257.40000000000003,
  "msol": 15838.187,
  "ftx-token": 6015,
  "injective-protocol": 162087.411,
  "socean-staked-sol": 1.0168,
  "mango-markets": 459616.2,
  "raydium": 4561.3,
  "bitcoin": 92.5,
  "stepn": 14569.346
}
