{
  "solana": 147728.08680972533,
  "usd-coin": 5076081.506627999,
  "ftx-token": 5937.9,
  "msol": 15775.0224,
  "ethereum": 273.6,
  "bitcoin": 89.4,
  "lido-staked-sol": 413.601559147,
  "synthetify-token": 9.321958,
  "socean-staked-sol": 1.0168,
  "serum": 11041.89905,
  "undefined": 9.942,
  "mango-markets": 503031.1,
  "injective-protocol": 161489.898,
  "raydium": 1693.8,
  "stepn": 8845.7582
}