{
  "bitcoin": 103.6,
  "ethereum": 367.478,
  "ftx-token": 7719.9,
  "stepn": null,
  "mango-markets": 544317.8,
  "msol": 15182.1894,
  "raydium": 4295.4,
  "socean-staked-sol": 1.0168,
  "synthetify-token": 9.321958,
  "solana": 137368.5447337658,
  "serum": 41853.39905,
  "lido-staked-sol": 520.875959147,
  "usd-coin": 3718785.535756,
  "injective-protocol": 164714.223
}