{
  "bitcoin": 103.4,
  "ethereum": 462.25,
  "ftx-token": 7789.7,
  "stepn": null,
  "mango-markets": 471529.1,
  "msol": 15246.7614,
  "raydium": 4429.9,
  "socean-staked-sol": 1.0168,
  "synthetify-token": 9.321958,
  "solana": 144465.65086049028,
  "serum": 43020.29905,
  "lido-staked-sol": 451.18045914699997,
  "usd-coin": 3691605.6771549997,
  "injective-protocol": 164533.237
}