{
  "bitcoin": 99.8,
  "ethereum": 497.124,
  "ftx-token": 6713,
  "stepn": 9318.559599999999,
  "mango-markets": 436103.7,
  "msol": 14474.4537,
  "raydium": 4978.9,
  "socean-staked-sol": 1.0168,
  "synthetify-token": 9.321958,
  "solana": 138387.7385332716,
  "serum": 41927.599050000004,
  "lido-staked-sol": 463.437959147,
  "usd-coin": 4065014.863759,
  "injective-protocol": 163516.656
}