{
  "solana": 132759.1465049889,
  "serum": 37475.19905,
  "stepn": 9188.010799999998,
  "lido-staked-sol": 417.54095914699997,
  "socean-staked-sol": 1.0168,
  "usd-coin": 4052554.305845,
  "ethereum": 396.4,
  "mango-markets": 432134.3,
  "synthetify-token": 9.321958,
  "msol": 14341.4079,
  "injective-protocol": 163221.106,
  "undefined": 1,
  "bitcoin": 101.4,
  "raydium": 4948.2,
  "ftx-token": 7857.5
}