{
  "bitcoin": 102.7,
  "ethereum": 458.317,
  "ftx-token": 6831.5,
  "stepn": 9287.2995,
  "mango-markets": 456511.2,
  "msol": 15195.7034,
  "raydium": 4415.1,
  "socean-staked-sol": 1.0168,
  "synthetify-token": 9.321958,
  "solana": 142110.8812301357,
  "serum": 82007.72273000001,
  "lido-staked-sol": 470.927159147,
  "usd-coin": 3785944.569993,
  "injective-protocol": 164433.59
}